,language,ISO-639-1 Code,ssr
0,Bengali,bn,0.046511627906976744
1,Oriya,or,0.10465116279069768
2,Hindi,hi,0.12790697674418605
3,Nepali,ne,0.13953488372093023
4,Punjabi,pa,0.1511627906976744
5,Gujarati,gu,0.313953488372093
6,Urdu,ur,0.4186046511627907
7,Tamil,ta,0.8488372093023255
8,Malayalam,ml,0.9883720930232558
9,Telugu,te,0.9883720930232558
10,Kannada,kn,1.0
11,Marathi,mr,1.0
12,Sindhi,sd,1.0
